residue,Concoord,GMN,AMN,Rosetta_fast,Rosetta_slow,Webnm,CABSflex,Consurf,Consurf_server,WCN
1,0.239062,24.9147,15.0731,0.103922,0.158043,0.009967646,4.2734,-0.638,-0.581,1.214
2,0.090205,15.1806,9.7662,0.036775,0.08434,0.003079819,1.7537,-1.224,-1.09,-0.005
3,0.068069,13.4994,7.7481,0.018206,0.028231,0.000942293,1.0519,-0.466,0.188,-0.58
4,0.039844,12.4319,5.7904,0.008255,0.010538,0.0004011,0.5752,-1.18,-0.174,-0.926
5,0.021837,10.8647,4.8583,0.002993,0.004823,0.000335854,0.4746,-0.167,-0.598,-1.099
6,0.025773,8.991,4.5228,0.005386,0.008922,7.35E-05,0.7893,-1.085,-0.768,-1.237
7,0.019145,8.8089,4.94,0.003359,0.005902,0.000159793,0.6189,-1.231,-0.254,-1.275
8,0.014666,8.8279,5.9443,0.003484,0.004685,0.000195293,0.9027,-2.073,-1.304,-1.268
9,0.028063,8.9933,6.1478,0.005615,0.008038,0.000261436,1.1277,-2.072,-1.395,-1.258
10,0.061352,8.9526,7.2116,0.007248,0.013705,0.000492623,1.7481,-1.644,-1.204,-1.168
11,0.118051,12.7293,9.2579,0.016138,0.021521,0.001060101,2.5444,-1.032,-1.026,-0.825
12,0.149496,11.5823,8.8868,0.020136,0.026565,0.001293926,2.5176,-1.763,-1.17,-0.843
13,0.235512,13.4206,9.6582,0.030235,0.04479,0.001404892,3.5406,0.443,-0.638,-0.693
14,0.664418,21.0933,11.424,0.05703,0.100294,0.002981318,4.9948,-0.581,-1.306,-0.324
15,0.775291,26.5815,12.5883,0.091725,0.145755,0.005780796,5.6306,-1.318,-0.431,0.065
16,0.96173,24.3468,13.5171,0.175631,0.235242,0.006051704,4.7397,0.135,-0.645,0.069
17,1.471121,23.552,15.3172,0.104281,0.120634,0.007980215,5.1576,0.176,-1.102,0.254
18,2.676346,29.9315,20.4915,0.156968,0.169683,0.013593999,5.2553,-0.128,-1.345,0.889
19,2.737603,28.885,20.217,0.220389,0.256692,0.014332445,5.8105,-0.098,1.134,0.778
20,1.648669,26.4449,14.3297,0.119685,0.141652,0.006637326,3.5023,0.318,-1.313,0.046
21,2.073046,22.6325,13.537,0.086094,0.104087,0.006149617,4.5255,-0.524,0.104,0.04
22,3.784865,29.8705,19.4596,0.143897,0.147867,0.010495343,5.9666,-0.88,0.075,0.856
23,3.20998,29.8705,19.2277,0.171569,0.195439,0.010810744,4.3216,-0.155,0.377,0.824
24,2.15242,22.563,16.6785,0.100763,0.121754,0.007214122,2.6523,0.11,-0.618,0.229
25,3.52894,25.7875,17.3852,0.122958,0.143334,0.007421404,3.1155,-0.709,-0.373,0.312
26,6.34337,32.0477,30.0883,0.266822,0.316906,0.020634208,5.5666,-0.639,1.803,1.511
27,10.376743,44.5704,42.7156,0.369298,0.441712,0.044713398,10.2941,-0.003,0.489,2.594
28,8.232306,38.9226,24.1888,0.259412,0.307213,0.019267537,11.1608,0.401,-1.184,1.478
29,5.634411,35.2631,20.2404,0.225323,0.282774,0.015388924,7.4418,1.338,0.414,1.115
30,2.342965,24.5962,15.4559,0.131947,0.170192,0.008013265,4.0498,-0.545,-1.291,0.37
31,1.627939,28.0822,19.0213,0.147004,0.194842,0.008533384,3.5803,-0.107,-0.232,0.796
32,0.537519,21.224,16.6361,0.106188,0.150039,0.009456241,3.3691,0.219,-0.987,0.542
33,0.659818,27.2109,18.5143,0.120398,0.167312,0.013737735,5.0461,1.586,0.09,0.971
34,0.64248,29.9965,16.6269,0.121249,0.16213,0.011614148,6.2707,-1.063,-1.205,0.668
35,0.765907,34.6572,17.0764,0.133226,0.180519,0.013315331,4.7092,-0.156,-0.913,0.942
36,0.371091,20.5357,13.6854,0.082509,0.091989,0.00546996,4.1544,-1.316,-1.349,0.057
37,0.13383,17.4392,11.6675,0.063771,0.074036,0.002950139,2.9743,-0.005,-0.824,-0.284
38,0.287979,19.3845,9.9634,0.081325,0.085295,0.003878221,3.1066,-1.281,-1.349,-0.228
39,0.58566,28.5084,14.721,0.175296,0.181192,0.006790162,2.8535,2.184,1.558,0.572
40,1.138945,25.6512,12.203,0.118057,0.128364,0.00731329,3.5157,-0.309,0.8,0.43
41,1.23593,24.7933,9.3323,0.0646,0.078053,0.00628587,3.3085,-0.275,-0.147,0.04
42,1.398662,26.0315,9.5386,0.076992,0.11788,0.005333945,4.7391,-0.672,-0.857,0.113
43,1.528644,23.5285,12.1532,0.139305,0.227392,0.004917338,5.253,-0.388,2.032,0.478
44,1.66382,20.9224,11.2056,0.145425,0.213285,0.003685655,6.2594,-0.251,-1.28,0.051
45,2.792089,32.6918,15.833,0.235754,0.340126,0.005203093,8.9706,0.58,1.629,0.848
46,2.474192,21.6359,12.8373,0.139835,0.206226,0.002261416,7.0053,-0.029,0.135,0.278
47,2.146523,20.2254,13.4387,0.105477,0.146475,0.002468142,5.5891,0.369,-0.068,0.254
48,1.930901,21.1196,12.8213,0.070744,0.090767,0.003618491,3.8466,1.228,1.742,0.095
49,1.765833,21.4042,14.37,0.07535,0.101983,0.002942694,3.0583,0.289,1.328,0.277
50,1.176851,17.7101,11.4709,0.075801,0.113881,0.001219769,3.0471,-0.018,0.629,-0.422
51,0.852876,16.5236,9.3241,0.045702,0.063989,0.001641775,2.6261,-0.035,-0.828,-0.588
52,0.996725,17.9093,11.9021,0.060176,0.080008,0.002376484,2.2299,0.17,0.278,-0.21
53,0.615398,16.2078,11.451,0.064801,0.101114,0.001684908,2.3334,0.155,0.551,-0.308
54,0.359766,13.2979,7.817,0.063707,0.095796,0.001063745,2.7767,-1.401,-1.392,-0.717
55,0.184601,11.86,7.7762,0.032023,0.047851,0.001067044,2.4592,-1.175,-0.717,-0.772
56,0.120972,13.1486,6.9101,0.017143,0.027205,0.00067692,2.7571,-0.575,-0.497,-0.866
57,0.036549,10.4573,7.7706,0.011955,0.017377,0.000689162,3.2134,-1.93,-1.112,-1.054
58,0.034884,11.616,9.5622,0.014131,0.018501,0.001181147,2.1156,-1.618,-1.122,-0.835
59,0.088546,14.4143,10.8638,0.025282,0.026064,0.002190064,1.4446,0.322,0.152,-0.437
60,0.098908,15.1135,11.1157,0.024147,0.019874,0.002039951,1.475,0.464,0.484,-0.417
61,0.047667,11.478,8.7481,0.011143,0.01309,0.000832734,1.1917,-2,-1.404,-1.085
62,0.070108,9.7722,8.3499,0.01593,0.01704,0.000978289,1.0162,0.325,1.498,-0.933
63,0.110336,13.3697,10.4098,0.019185,0.022131,0.001722369,1.064,0.671,1.695,-0.528
64,0.096191,11.9893,8.8906,0.01095,0.013017,0.001116902,1.0419,-1.459,-1.118,-0.782
65,0.087494,9.7815,7.0705,0.008637,0.009034,0.000521344,0.7559,-1.611,-1.161,-1.185
66,0.116712,11.2572,9.0473,0.008588,0.009245,0.000890228,0.7192,0.558,1.493,-0.962
67,0.102792,14.0358,10.3576,0.008741,0.008866,0.001551088,1.0898,0.652,1.496,-0.524
68,0.133105,13.0633,7.9935,0.007383,0.005854,0.000959477,0.9758,-0.756,-0.557,-0.854
69,0.104645,11.2522,7.5252,0.009683,0.010095,0.000691903,0.5919,-1.156,-1.217,-1.07
70,0.15254,13.9512,12.2896,0.019912,0.025432,0.001478965,0.8752,0.864,0.925,-0.518
71,0.214401,15.2994,11.7685,0.008065,0.010575,0.001651256,1.1618,0.885,0.165,-0.357
72,0.214693,12.3664,8.9557,0.004616,0.006553,0.001236201,0.8885,-1.02,-0.356,-0.613
73,0.304399,15.0383,13.0611,0.01108,0.017285,0.002358339,1.0653,0.433,0.122,-0.21
74,0.392367,21.7958,21.9295,0.00952,0.013665,0.00441672,1.6805,1.24,1.602,0.627
75,0.389523,17.9293,16.5958,0.013537,0.017281,0.003369075,1.905,1.185,0.891,0.421
76,0.435174,22.295,16.8828,0.018952,0.028288,0.004187358,2.3203,0.828,0.113,0.771
77,0.205541,21.1032,10.7846,0.014914,0.019681,0.003149375,1.9102,1.261,1.335,0.054
78,0.152255,17.584,9.7925,0.020454,0.026272,0.00269176,2.1879,1.074,3.539,-0.019
79,0.0551,15.1707,7.4784,0.015889,0.018086,0.001486305,1.2841,-0.333,-0.368,-0.572
80,0.048919,14.8855,9.0578,0.016862,0.023249,0.001285913,1.2722,-0.506,-0.557,-0.353
81,0.02358,13.267,6.5656,0.009303,0.012967,0.000522264,0.9422,0.508,1.483,-0.713
82,0.014666,11.3116,4.7499,0.006008,0.012164,0.000270718,0.8519,-1.219,-0.595,-1.053
83,0.027967,10.0818,4.6439,0.004592,0.007861,9.43E-05,0.8545,-0.307,0.067,-1.19
84,0.045385,7.6943,4.4558,0.003782,0.005989,4.27E-05,0.573,-1.195,-0.45,-1.36
85,0.056774,8.3057,4.8333,0.007723,0.014185,5.19E-05,0.6904,-2.16,-1.418,-1.318
86,0.050777,10.0994,5.2943,0.018102,0.03196,0.000101683,1.3508,-1.36,-0.462,-1.025
87,0.052268,11.9425,5.5188,0.012358,0.023837,0.00018003,1.057,-1.198,-1,-1.024
88,0.13812,10.438,5.5957,0.010476,0.017415,0.000206754,0.7829,0.226,-0.498,-1.052
89,0.059907,9.4549,5.7065,0.008593,0.013125,0.00026243,0.9817,-2.16,-1.35,-1.198
90,0.08002,8.5076,5.0654,0.003853,0.006846,9.90E-05,0.5702,-1.68,-1.315,-1.374
91,0.09683,9.9665,5.0782,0.005392,0.00909,0.000103441,0.4071,-0.163,-0.635,-1.259
92,0.051142,10.0673,5.5671,0.004191,0.006685,0.000234862,0.5952,-1.006,-0.271,-1.154
93,0.03999,8.7392,5.5627,0.003976,0.00583,0.000205977,0.6258,-2.072,-1.38,-1.345
94,0.060301,9.9707,4.9388,0.003947,0.005525,0.000159407,0.3517,-1.677,-0.872,-1.281
95,0.066674,11.3743,5.886,0.00564,0.007241,0.000354201,0.4161,0.294,0.739,-1.031
96,0.042492,10.4145,7.0922,0.007469,0.007215,0.000516336,0.4834,-0.108,0.532,-1.078
97,0.085551,10.9243,6.1173,0.006054,0.00772,0.00041278,0.3396,-0.98,0.151,-1.228
98,0.109773,13.0455,7.2763,0.005813,0.008258,0.000712461,0.5244,-0.667,-0.653,-0.929
99,0.1033,13.2981,9.2228,0.010505,0.010408,0.001316947,0.6282,0.732,0.42,-0.516
100,0.143235,12.6601,9.9997,0.021676,0.025273,0.001158616,0.6082,0.849,0.3,-0.734
101,0.190765,13.6089,9.8027,0.027174,0.027065,0.0012075,0.6878,0.226,0.227,-0.705
102,0.235045,20.5825,13.5619,0.03362,0.032645,0.002740224,1.3801,0.508,0.245,0.122
103,0.22835,18.9046,11.2505,0.049447,0.07537,0.001841507,3.0412,3.04,0.688,-0.122
104,0.230287,27.0605,15.1278,0.106781,0.176353,0.005958207,6.79,1.125,1.663,0.605
105,0.193479,26.7791,16.5129,0.096636,0.154774,0.008015046,7.4775,1.827,2.091,0.628
106,0.198049,31.6396,15.4624,0.111053,0.171638,0.006648181,5.1455,1.218,1.303,0.725
107,0.064944,16.8071,9.1689,0.07044,0.111951,0.001979285,2.6229,0.768,0.73,-0.246
108,0.074493,14.2881,7.6706,0.03127,0.046598,0.000850974,1.429,0.581,0.164,-0.566
109,0.045642,10.842,5.5591,0.012543,0.019188,0.000257463,0.6638,-0.401,-0.793,-1.014
110,0.026905,11.8867,5.6689,0.008358,0.015269,0.000194191,0.8357,1.061,1.393,-0.923
111,0.035482,11.2682,5.5893,0.010947,0.020509,0.00010562,0.6681,0.258,0.035,-1.007
112,0.070456,10.0862,5.7021,0.00865,0.016442,0.00014761,0.8607,-0.088,-0.183,-1.016
113,0.106725,11.4742,6.3609,0.025845,0.057903,0.000174805,1.1517,0.187,-0.402,-0.881
114,0.093738,11.9578,6.5352,0.033864,0.073459,0.000150396,1.2467,-0.002,-0.651,-0.972
115,0.049692,11.2283,5.4256,0.025145,0.074925,0.000137494,1.715,-1.328,-1.186,-1.165
116,0.108086,12.3604,5.7989,0.046792,0.135387,0.00033687,1.6876,-0.97,-1.208,-0.964
117,0.178359,21.6412,6.3395,0.079747,0.2101,0.001359567,2.671,-1.802,-1.341,-0.67
118,0.464106,21.3949,8.6605,0.07857,0.155189,0.002094422,2.5412,-0.214,-1.17,-0.371
119,0.632742,22.6283,11.5896,0.095988,0.148438,0.003487455,4.035,-0.943,-0.037,-0.179
120,1.0059,21.9012,18.4393,0.130303,0.207914,0.00637303,4.5882,0.513,0.312,0.252
121,1.571416,26.3643,27.7465,0.344948,0.452044,0.01182292,11.8345,0.503,-0.828,1.017
122,1.548939,39.0177,38.5524,0.496951,0.602504,0.031222974,20.4396,-0.444,-1.028,1.743
123,0.721228,34.1694,29.3834,0.573587,0.733949,0.020259604,15.3326,-0.417,-0.4,1.036
124,0.658897,29.7074,29.3712,0.420619,0.592877,0.015527891,5.7378,0.829,-0.849,0.897
125,0.408446,35.314,19.7504,0.264463,0.546077,0.019753852,4.9052,0.234,0.921,0.544
126,0.400719,26.8789,16.3766,0.375482,0.951986,0.00547878,4.8962,0.043,0.315,0.465
127,0.372343,21.7517,12.2644,0.245808,0.596252,0.005703533,3.374,0.538,-1.217,0.028
128,0.375771,16.8826,10.6159,0.095737,0.202521,0.001471889,3.1633,0.659,0.48,-0.166
129,0.323292,14.6134,8.2119,0.143247,0.230452,0.001418985,2.4619,0.952,1.403,-0.431
130,0.405026,16.2052,7.9851,0.112286,0.211696,0.001323291,2.8407,0.79,-0.307,-0.456
131,0.554109,21.8317,7.9681,0.156374,0.249301,0.001299373,3.4818,-0.043,1.178,-0.154
132,0.506025,18.0318,9.313,0.089491,0.135368,0.001109404,2.7584,0.941,3.349,-0.368
133,0.83045,23.5261,12.2674,0.138224,0.215256,0.001614728,2.9267,1.244,2.184,0.235
134,0.846325,16.3934,10.6223,0.106358,0.171645,0.001161412,2.4739,0.192,-0.465,-0.198
135,0.49299,15.686,8.1257,0.037284,0.060639,0.000660723,1.8026,0.534,0.048,-0.681
136,0.735694,16.4132,9.8942,0.061929,0.103063,0.000867946,2.0633,1.792,1.481,-0.306
137,1.109907,21.4446,15.6478,0.126651,0.205527,0.002283772,3.115,1.226,1.182,0.334
138,0.802667,20.5453,9.3572,0.080536,0.139828,0.002164064,3.1749,0.943,-0.192,-0.197
139,0.753479,22.7162,10.5514,0.097181,0.1545,0.002041582,3.6562,1.843,0.205,0.072
140,0.248087,15.3178,7.2055,0.030463,0.045423,0.000988037,2.4049,1.029,-0.122,-0.596
141,0.195418,15.3399,7.8791,0.017092,0.024421,0.000840773,2.1245,1.859,0.707,-0.431
142,0.169024,12.3683,7.6497,0.014136,0.017332,0.000456704,1.2769,0.559,0.811,-0.728
143,0.151733,16.6187,8.61,0.040827,0.049117,0.000736384,1.1771,0.777,-0.686,-0.358
144,0.278295,25.008,12.9541,0.067196,0.082733,0.004071348,1.3555,3.453,1.722,0.37
145,0.17419,32.1326,17.5697,0.094399,0.117334,0.009109285,2.301,0.61,0.344,1.018
146,0.075155,22.3226,10.8919,0.040201,0.054685,0.006196942,2.3312,1.254,-1.295,0.158
147,0.295272,29.9922,14.1792,0.020187,0.031215,0.017763982,3.7023,1.256,0.853,0.57
148,0.289347,15.7877,8.8782,0.013423,0.026849,0.001987294,3.3858,0.292,0.832,-0.191
149,0.229481,15.3663,10.3108,0.022537,0.03074,0.001904356,2.171,1.424,1.119,-0.085
150,0.259827,14.1871,10.055,0.033218,0.045726,0.000872827,2.588,1.23,1.454,-0.21
151,0.538753,21.1293,11.1013,0.085314,0.122075,0.005804795,4.1802,0.929,1.87,0.383
152,0.61653,25.4312,10.7583,0.115105,0.124617,0.008423597,3.8571,0.655,3.537,0.183
153,1.056116,33.028,13.5321,0.13674,0.197043,0.014146955,6.8675,0.569,2.972,0.768
154,1.059148,27.4652,13.3087,0.197097,0.307954,0.01109936,8.4857,-0.171,0.65,0.744
155,1.445796,28.8357,18.1663,0.181572,0.263884,0.010406589,9.7262,-0.047,1.714,1.012
156,1.312229,23.705,18.6139,0.144584,0.203276,0.004976753,9.4153,-0.897,-0.054,0.485
157,1.312336,19.8132,16.2066,0.12736,0.155225,0.005716683,9.6717,-1.858,-1.422,0.451
158,1.55263,22.4322,18.4519,0.143373,0.170604,0.006464796,4.045,-1.342,-0.625,0.751
159,1.223255,21.8029,14.4187,0.146775,0.175835,0.004936211,2.5951,0.576,-0.474,0.333
160,1.005507,24.0654,14.2792,0.144416,0.172774,0.004541477,1.8236,0.854,0.246,0.567
161,0.887551,19.6924,13.0744,0.110079,0.13431,0.002889187,1.7025,-0.193,0.292,0.187
162,0.559856,16.6138,9.4468,0.095308,0.116083,0.001512883,1.5148,-0.766,-0.898,-0.469
163,0.405823,16.4016,8.6846,0.099518,0.119661,0.001320277,1.2829,0.551,-0.23,-0.468
164,0.387108,17.7559,9.5483,0.082094,0.094517,0.00123525,1.2807,0.865,1.632,-0.181
165,0.302419,13.9298,8.0916,0.058899,0.069447,0.000541633,1.1742,-1.998,-1.418,-0.581
166,0.109444,12.3304,6.3082,0.053514,0.077947,0.000200603,1.1174,-0.827,-0.256,-0.957
167,0.076144,13.4567,7.0661,0.05698,0.074872,0.00033896,0.9617,1.222,1.15,-0.733
168,0.1376,16.2832,9.216,0.038043,0.044679,0.000571963,1.0337,0.676,0.393,-0.397
169,0.093947,11.5774,6.8664,0.02017,0.027451,0.000317199,1.288,-0.219,-0.08,-0.845
170,0.061489,13.7572,5.7204,0.019005,0.028319,0.000284482,0.9516,-0.47,0.214,-0.948
171,0.077886,14.2799,7.358,0.026284,0.038406,0.000574505,0.9794,0.699,1.617,-0.581
172,0.161111,16.1674,8.6299,0.028696,0.037936,0.000720718,1.5397,0.867,1.997,-0.319
173,0.099098,18.5207,6.6398,0.024953,0.036159,0.000649828,1.6065,-0.399,0.727,-0.635
174,0.108304,19.4985,7.5236,0.062255,0.075738,0.000895096,1.3048,0.101,-0.404,-0.562
175,0.157407,21.7064,10.5651,0.104174,0.112228,0.002322328,2.2395,0.82,1.346,0.064
176,0.159923,22.745,13.069,0.088473,0.116995,0.003224113,2.8094,0.669,0.863,0.353
177,0.128191,19.3841,10.8347,0.102814,0.156635,0.002446511,2.1451,0.65,1.164,-0.089
178,0.230568,23.6323,14.4418,0.166437,0.239901,0.004019834,3.1055,1.202,0.919,0.274
179,0.610872,29.4703,29.8337,0.187504,0.279266,0.013162081,5.2018,0.727,2.007,1.415
180,0.437205,28.0688,22.6147,0.090667,0.118751,0.007254751,5.1094,1.255,1.602,0.955
181,0.316283,20.4012,15.5747,0.056725,0.073248,0.003013933,3.7386,0.385,-0.154,0.399
182,0.113365,14.6505,10.8722,0.029985,0.037153,0.001326383,3.0745,0.512,-0.042,-0.047
183,0.058562,11.9605,7.3798,0.012026,0.012738,0.000558418,1.3389,-0.499,0.043,-0.636
184,0.02934,11.4242,5.6139,0.006544,0.006896,0.000256024,0.6785,-1.049,-0.58,-0.968
185,0.022129,10.6055,4.2904,0.003849,0.005202,0.000203951,0.5611,-1.105,-0.407,-1.172
186,0.020045,10.682,4.2139,0.005332,0.007495,7.14E-05,0.4665,-1.116,-0.115,-1.28
187,0.030921,7.7752,4.4654,0.005583,0.00765,6.29E-05,0.4542,-1.688,-0.566,-1.395
188,0.056123,8.433,5.134,0.008352,0.009916,6.71E-05,0.6756,-1.417,-0.979,-1.34
189,0.07569,13.4012,5.885,0.016992,0.019066,0.000212239,0.8929,-2.16,-1.396,-1.07
190,0.109442,14.5238,7.6218,0.026631,0.032359,0.0004622,1.3655,-1.375,-1.042,-0.799
191,0.148767,18.805,6.9986,0.029487,0.051568,0.000426929,1.3563,-1.068,-0.964,-0.736
192,0.100973,11.0431,5.4361,0.027126,0.055724,0.000138848,1.5204,-0.821,-1.146,-1.131
193,0.090299,12.2495,5.5486,0.040634,0.07779,0.000175215,1.6957,-1.24,-0.909,-0.981
194,0.108056,17.3834,6.1313,0.058964,0.079267,0.000409268,1.5797,-0.999,-1.08,-0.631
195,0.059007,12.8909,5.874,0.05881,0.062305,0.000321199,1.2839,-0.371,-0.682,-0.911
196,0.048873,12.8463,5.2327,0.038612,0.046311,0.000255751,1.2489,-0.642,-0.301,-1.006
197,0.070387,14.6486,6.1566,0.037649,0.054786,0.000373699,1.5593,-0.506,-0.756,-0.658
198,0.062024,15.4873,7.1097,0.062069,0.085542,0.000351005,1.68,-0.274,-1.098,-0.506
199,0.040889,13.2799,6.7448,0.063098,0.079021,0.000304782,1.5983,0.455,0.417,-0.719
200,0.049482,14.8748,7.4995,0.033129,0.049573,0.000438748,1.5944,-0.662,-0.985,-0.617
201,0.046106,18.0238,9.6141,0.079877,0.108755,0.001032257,2.0567,-0.151,0.05,-0.209
202,0.057046,22.6085,11.4231,0.093067,0.124976,0.00231542,2.6071,-0.26,0.385,0.068
203,0.089828,23.6972,10.8453,0.116224,0.154385,0.003258626,2.7565,0.834,0.308,0.188
204,0.150851,19.6135,15.0481,0.1133,0.188527,0.004096133,4.0265,0.042,0.255,0.519
205,0.424894,35.9939,30.4909,0.270149,0.487032,0.022165158,7.7238,0.72,0.561,1.798
206,0.555806,43.144,35.8356,0.235562,0.34456,0.034697343,13.9602,0.517,0.576,2.161
207,0.632245,37.3262,32.1932,0.557882,0.76261,0.033615476,19.785,0.817,0.599,1.828
208,0.548745,43.57,42.3628,1.537425,2.231934,0.039370501,16.107,0.303,1.708,1.807
209,0.592648,49.6998,72.4392,1.980739,3.012319,0.125650272,18.7603,1.105,-0.095,2.396
210,0.530438,44.0989,25.9244,0.961653,1.34158,0.035317859,13.9374,0.871,0.187,1.208
211,0.65856,46.5621,18.8059,1.197279,1.76957,0.024612463,12.6693,1.084,0.14,1.335
212,0.494005,44.7653,16.1419,0.951977,1.489909,0.024761548,11.5128,0.852,0.207,1.139
213,0.419948,28.8062,12.6235,0.395178,0.579726,0.007053979,8.0541,1.497,-0.781,0.355
214,0.705019,42.7657,12.0221,0.414758,0.547118,0.01196768,10.6693,0.928,0.296,0.55
215,0.829251,48.6043,12.4823,0.324905,0.484396,0.011827858,8.9475,0.851,1.138,0.419
216,1.138292,47.594,17.8561,0.51564,0.596444,0.0197975,17.1024,0.957,0.377,0.886
217,0.999139,47.594,21.205,0.648837,0.623396,0.024535639,19.8453,0.807,-0.296,0.928
218,0.982442,51.1242,31.2679,0.503265,0.498513,0.032318794,22.137,1.169,-0.518,1.009
219,1.040735,42.8357,78.48,0.526573,0.580644,0.066077197,14.0133,0.819,-0.665,1.71
220,0.660788,40.9731,62.8732,0.209856,0.295443,0.041524869,8.1301,0.561,-0.483,1.07
221,0.303805,28.9816,16.2969,0.071606,0.101549,0.00899453,5.8847,0.096,-0.113,0.183
222,0.132125,21.9308,11.0536,0.033485,0.048486,0.002563932,3.8039,-0.622,-0.305,-0.183
223,0.1615,23.3754,11.0825,0.020856,0.033858,0.001905102,5.3391,-0.219,-1.191,-0.21
224,0.09914,14.0464,8.2976,0.015169,0.021135,0.0014933,1.9019,-1.508,-0.911,-0.744
225,0.041794,11.0701,6.627,0.007388,0.009672,0.000465432,1.3189,-1.006,-0.862,-1.067
226,0.02737,12.9342,7.4856,0.011129,0.013675,0.00049678,1.199,-1.137,-0.564,-0.79
227,0.031637,11.3534,6.4625,0.008106,0.011333,0.000480743,0.7728,-0.662,-0.087,-0.846
228,0.014666,12.556,6.7389,0.010135,0.012256,0.000208185,0.7458,-1.15,0.237,-0.758
229,0.040681,11.4309,7.1233,0.010491,0.013736,0.000295458,0.682,0.12,0.86,-0.773
230,0.05378,13.034,7.9182,0.015161,0.017186,0.000393402,0.7349,-0.634,0.283,-0.692
231,0.113517,13.4203,9.1525,0.028208,0.035689,0.000868423,1.0899,0.138,0.013,-0.387
232,0.122049,16.9348,10.3372,0.046486,0.068432,0.002362372,1.4231,0.453,-0.687,-0.135
233,0.175683,22.4567,12.461,0.091863,0.136283,0.006490928,3.193,0.133,0.408,0.387
234,0.135608,25.2039,15.3099,0.083538,0.124197,0.005091893,3.1198,0.697,0.444,0.465
235,0.069387,14.947,9.5845,0.043329,0.068527,0.001566351,1.9289,-0.61,-1.283,-0.217
236,0.099703,19.5004,11.6119,0.036637,0.050735,0.001953026,1.7571,0.88,0.406,0.24
237,0.113092,16.4784,10.2927,0.033626,0.041823,0.001532921,1.4263,0.12,-0.272,0.062
238,0.184297,18.4629,12.8281,0.035689,0.048017,0.003388592,1.5954,0.346,0.031,0.358
239,0.250824,23.2389,14.2253,0.038145,0.051145,0.007387055,2.1267,0.543,0.432,0.538
240,0.210437,15.8137,9.3546,0.024963,0.027217,0.002409499,3.7073,0.515,-0.45,-0.182
241,0.340211,20.7106,11.741,0.052673,0.066126,0.004020976,4.8804,-0.73,-0.649,0.208
242,0.316646,18.4596,11.9067,0.067905,0.089108,0.003548311,4.2633,0.338,-0.072,0
243,0.41268,26.7282,13.697,0.111774,0.216657,0.008717684,6.4459,0.288,-0.475,0.568
244,0.372837,23.9351,12.3814,0.146356,0.311166,0.008567856,11.2444,-0.371,-0.222,0.34
245,0.451188,46.582,14.7421,0.14936,0.404656,0.014438224,15.4739,0.198,-0.316,0.465
246,0.891028,57.9636,20.8385,0.182806,0.672079,0.035114051,13.7658,-0.617,-1.017,0.993
247,1.535275,73.5687,24.4002,0.268866,0.880495,0.076975567,23.4424,-0.462,-1.129,1.157
248,2.775812,87.695,45.9473,0.417554,1.117417,0.206094283,42.225,1.756,-0.245,1.827
249,4.15748,102.5529,29.2914,0.350662,0.812446,0.124330359,47.2891,0.53,0.104,1.594
250,6.81338,117.2997,38.2082,0.492944,1.018083,0.154782264,54.5748,-1.313,-1.193,1.907
251,10.227194,132.2639,34.4595,0.69287,1.371825,0.122353993,47.436,0.955,0.995,2.128
252,9.055969,147.2946,33.2028,0.794129,1.570169,0.125658386,27.9893,-0.187,-0.328,1.89
253,10.434934,162.4459,67.3216,2.713816,4.51272,0.26127971,13.9312,0.366,-0.875,2.647
254,12.459227,177.2243,128.778,5.044698,8.053206,0.998213025,14.2392,-0.708,-0.411,2.248
255,11.044665,189.7539,240.8114,7.935774,12.119689,3.61567723,14.1981,1.467,-0.189,2.949
256,15.88713,200.5756,569.9115,13.033961,19.616242,7.932018015,22.0282,-0.367,-0.278,3.025
257,22.449623,200.5756,685.2045,15.269506,23.679862,14.94411201,19.3224,2.583,0.622,3.809
258,19.423426,210.0285,845.7585,19.121563,29.143934,27.59467257,23.3107,-0.234,-0.056,5.538
259,20.646064,220.5843,1166.0869,24.847892,36.928515,42.4001538,34.2743,1.448,-0.229,5.538
